,Source,SS,DF1,DF2,MS,F,p-unc,np2,eps
0,order,0.0,1,24,0.0,0.0,1.0,0.0,
1,condition,189.6234817813765,37,888,5.12495896706423,5.679679052517757,7.281505861489842e-23,0.19136591883179224,0.17212252995613644
2,Interaction,-2.2737367544323206e-13,37,888,-6.145234471438705e-15,-6.810388087894131e-15,1.0,-2.837661703289222e-16,
