,Source,SS,DF1,DF2,MS,F,p-unc,np2,eps
0,order,85.69942503317105,1,32,85.69942503317105,2.2201660053071404,0.14600993814027724,0.06487887887401887,
1,condition,169.38467492260057,37,1184,4.5779641870973125,5.043423649137996,5.798222398813035e-20,0.1361489612004412,0.2976505112406966
2,Interaction,84.38712958867836,37,1184,2.280733232126442,2.5126242692551073,2.0294093060979387e-06,0.0728030488105603,
