,AI,Non-AI
AI,2.5076946806955966e-05,5.518003600696113e-07
Non-AI,2.5076946806955966e-05,5.518003600696113e-07
