,AI,Non-AI
AI,2.6466584295786038e-05,5.911231646971292e-07
Non-AI,2.6466584295786038e-05,5.911231646971292e-07
